{"cameraMode":{"drawMode":0,"name":"Shaded","section":"Shading Mode"},"sceneLighting":true,"audioPlay":false,"sceneViewState":{"m_AlwaysRefresh":false,"showFog":true,"showSkybox":true,"showFlares":true,"showImageEffects":true,"showParticleSystems":true,"showVisualEffectGraphs":true,"m_FxEnabled":true},"in2DMode":false,"pivot":{"x":0.5283524394035339,"y":-0.2798725962638855,"z":3.1739039421081545},"rotation":{"x":-0.00003465806366875768,"y":0.9999664425849915,"z":-0.007499744184315205,"w":-0.004499839153140783},"size":17.68573570251465,"orthographic":false}