{"cameraMode":{"drawMode":0,"name":"Shaded","section":"Shading Mode"},"sceneLighting":true,"audioPlay":false,"sceneViewState":{"m_AlwaysRefresh":false,"showFog":true,"showSkybox":true,"showFlares":true,"showImageEffects":true,"showParticleSystems":true,"showVisualEffectGraphs":true,"m_FxEnabled":true},"in2DMode":false,"pivot":{"x":-3.2523674964904787,"y":-2.3135979175567629,"z":0.28614234924316409},"rotation":{"x":-0.000039647711673751473,"y":0.9999051690101624,"z":0.01349946390837431,"w":0.0029997469391673805},"size":13.86567497253418,"orthographic":false}