{"cameraMode":{"drawMode":0,"name":"Shaded","section":"Shading Mode"},"sceneLighting":false,"audioPlay":false,"sceneViewState":{"m_AlwaysRefresh":false,"showFog":true,"showSkybox":false,"showFlares":true,"showImageEffects":true,"showParticleSystems":true,"showVisualEffectGraphs":true,"m_FxEnabled":true},"in2DMode":false,"pivot":{"x":-17.270000457763673,"y":-12.210000038146973,"z":2.1600000858306886},"rotation":{"x":-0.00024219381157308817,"y":0.9997504949569702,"z":-0.01799747534096241,"w":-0.013497201725840569},"size":1.7721809148788453,"orthographic":false}